{"28": {"vx": [-17.47009483311664, 12.571658595586342, 28.974171287746305], "vy": [-17.148809227055064, 12.349710821567546, 28.436090348537235], "vz": [-16.456469812428313, 11.856811141879529, 27.262549672428186]}, "29": {"vx": [-34.13991657367026, -1.1625706504918332, 70.03110820266048], "vy": [-33.278144625792336, -0.9341307002222984, 70.32518032341308], "vz": [-31.33606825595262, -0.43488515986852155, 70.95457781634866]}, "30": {"vx": [12.492371266937791, -5.236465993737745, 76.1299303100728], "vy": [12.419367165677844, -4.473690827994602, 76.1663931890523], "vz": [12.301032271844875, -3.32697926628179, 76.17277076827754]}, "31": {"vx": [-1.4335028956628637, -8.043619739237508, 52.62143419011426], "vy": [-1.359456901440752, -7.891360221794463, 52.10961094301719], "vz": [-1.1409610498567864, -7.478026635357422, 50.779415052858454]}, "32": {"vx": [9.88260482250523, -8.234084186245308, 31.39352231078502], "vy": [10.092342115806606, -7.699527446765181, 31.006142759606316], "vz": [10.486038104634279, -6.591607170447327, 30.22958601209725]}, "33": {"vx": [-9.034926122931475, -41.912985860138235, 35.50867152585685], "vy": [-8.892549129190037, -41.343137635547606, 35.67028339166355], "vz": [-8.573861480512713, -40.01495831233253, 36.0746496250959]}, "34": {"vx": [-176.51814895310295, 214.59189698112297, 500.9754112203111], "vy": [-171.9385319841174, 209.5131469330307, 498.25728756555964], "vz": [-160.46946154339184, 196.98137371388532, 491.2725376017287]}, "35": {"vx": [26.502304829532573, -17.878327661378496, 263.7384513966921], "vy": [25.102887625524808, -16.128247581484196, 260.4885380998118], "vz": [22.45641204602712, -12.98013476130915, 254.1852675097144]}, "36": {"vx": [-5.679786049033174, -11.342726124156213, 44.84190086395974], "vy": [-5.653347643043742, -11.778076403604, 44.86603807145121], "vz": [-5.598990651947859, -12.587294167606167, 44.900191159333225]}, "37": {"vx": [-9.422278142588478, 22.298257860843147, 174.71857092068666], "vy": [-8.66141288868778, 21.013761084510037, 171.830965010972], "vz": [-7.0210637808440755, 18.16250129829194, 165.46781123515748]}, "38": {"vx": [-11.043559042213767, 9.574224383464841, 50.74398695217647], "vy": [-10.662627608933617, 9.663676108003772, 50.58377528268189], "vz": [-9.869457199328755, 9.84539889783965, 50.236292412114885]}, "39": {"vx": [3.227988825111281, 5.247061301559439, 19.246295490159667], "vy": [3.0287617201551735, 5.246804619997329, 20.078666973381534], "vz": [2.5971263567368434, 5.308004828016373, 21.68369449569108]}, "40": {"vx": [-8.123372651408712, 39.98879093342104, 70.13853705728091], "vy": [-8.264870580588868, 39.12023520799017, 70.48360226017948], "vz": [-8.540127943736834, 37.233056247140794, 71.20186784586203]}, "41": {"vx": [-29.65976631876448, 0.4971142076706364, 42.35460843070356], "vy": [-29.189590663841482, 0.37800786496332694, 41.575643714184494], "vz": [-27.94693474989397, 0.08351975424367197, 39.601638473139786]}, "42": {"vx": [-5.783184399582315, -4.517122736442429, 52.542194721636676], "vy": [-5.849514256220061, -4.304890890563378, 52.652635689699835], "vz": [-5.9908460073289165, -3.8782770538639237, 52.83111398222192]}, "43": {"vx": [0.7102918469655404, 9.93566697790571, 20.562097759486278], "vy": [0.6525118528242065, 9.7344957714146, 20.08943542197895], "vz": [0.5497678945602377, 9.350821248105007, 19.312060420405814]}, "44": {"vx": [152.13528490381782, -95.09141377884173, 433.01058412732027], "vy": [149.34259665891054, -93.39570617630454, 429.29818176687485], "vz": [141.50839087174236, -88.47333708996223, 419.42769105699455]}, "45": {"vx": [-0.6209882440059208, 6.310507290541835, -13.12035298484093], "vy": [-1.2828822597101026, 6.761754689768892, -12.045035915857015], "vz": [-2.606776979687851, 7.5790710008381055, -9.946253453700548]}, "46": {"vx": [-42.54553569021771, -11.711049495887643, 76.3643711982685], "vy": [-41.38913031630879, -11.638075522725678, 77.04414660370632], "vz": [-38.417286291041776, -11.44236032841285, 78.70321003829027]}, "47": {"vx": [-2.1809556562329284, -8.984520623865993, 26.478461064516093], "vy": [-2.312059466538681, -8.509426342346618, 26.710676322983026], "vz": [-2.569346451297217, -7.552515932205173, 27.15283475733712]}, "48": {"vx": [15.399890302185426, 18.09788018157344, 96.12556666317437], "vy": [15.03514036120577, 17.333763322140232, 99.98362558761322], "vz": [14.457585382949762, 16.197254414773838, 105.79810122495374]}, "49": {"vx": [14.406975473862245, -0.791920953529888, 69.36934147717658], "vy": [14.276358467419238, -0.5561615920675803, 68.5586434651551], "vz": [13.836411801864214, 0.05193393235953214, 66.41366899006644]}, "50": {"vx": [-11.78421780901055, 35.08195460729866, 27.459758719380538], "vy": [-11.605786196464617, 35.16265930522895, 27.19346503313718], "vz": [-11.166868705061741, 35.36531404481496, 26.63292396836969]}, "51": {"vx": [39.500147845373924, -2.1053439010417656, 238.49111327429972], "vy": [37.11013622346831, -2.460195445506629, 237.72226046392294], "vz": [30.250756512163232, -3.127415388433401, 235.77644458308635]}, "52": {"vx": [-22.88180440922633, 9.912608204825046, 94.38306844843406], "vy": [-22.110685495326994, 9.459223294620504, 93.93185819621083], "vz": [-20.406956727455537, 8.457365219083147, 92.88172417858424]}, "53": {"vx": [-115.88530731989292, 46.921505539208695, 380.7343110542023], "vy": [-114.27164862682898, 47.173979501053275, 380.1591255823324], "vz": [-109.93092180311297, 47.85953783513772, 378.604971019767]}, "54": {"vx": [-54.91615637385332, -36.855470667177435, -41.54378157757055], "vy": [-54.37086469107474, -37.05662749967612, -41.551439714577086], "vz": [-52.823687685351864, -37.424142961347464, -41.644449787739966]}, "55": {"vx": [3.92750501079642, -4.3371041453866805, 61.487303480052375], "vy": [4.18085629614921, -4.695892261751777, 61.85075274095106], "vz": [4.563232345575763, -5.2710570844882225, 62.39782947673084]}, "56": {"vx": [-1.5858616319804246, -24.73439780879185, 60.30497913388352], "vy": [-1.0029952242283935, -25.02764246581393, 60.71031172590992], "vz": [0.011479722621820954, -25.452618784319277, 61.403339726140686]}, "57": {"vx": [65.3585188992856, 13.630190549177922, 253.41055103196592], "vy": [62.72098518216841, 12.115141947108699, 246.67125935948243], "vz": [57.2520119620374, 8.962246912325448, 232.875679685309]}, "58": {"vx": [-6.633569504076654, -13.880063165564936, 35.478887092253004], "vy": [-6.517519890736443, -13.817194771454588, 36.03575001130038], "vz": [-6.29198869197493, -13.62353410528938, 37.09005818931598]}, "59": {"vx": [140.13563316080047, 135.6886213538895, 390.8938320429698], "vy": [138.1068329901995, 134.38816872860906, 390.2827258982214], "vz": [132.69026636496562, 130.7141178670749, 388.44299148776383]}, "60": {"vx": [-3.980122479200021, 8.452684056318425, -1.2262265808872919], "vy": [-4.586613303528001, 8.740574512810198, -0.9319998490963157], "vz": [-5.4714270812913615, 9.16043936038972, -0.4534513205838522]}, "61": {"vx": [3.398503848205961, 45.61525112516106, 61.181975425201784], "vy": [3.566304805264565, 45.09207269705094, 60.60948108168245], "vz": [4.050935202309283, 43.7296103385397, 59.07362890061568]}, "62": {"vx": [0.2643314238389524, -6.075059777208887, 43.48111159144082], "vy": [0.38863517558043975, -6.018796127180436, 43.70744551734521], "vz": [0.7136749512105758, -6.006396083327237, 44.27787047237251]}, "63": {"vx": [-4.657729699657637, -8.27336853183896, 85.68244478972217], "vy": [-4.578687637489555, -8.959420788484541, 86.8276444525304], "vz": [-4.4229661353590535, -10.211251072203286, 88.80939936839508]}, "64": {"vx": [2.779888465518165, 1.7504339047586501, 6.693219523671796], "vy": [2.849281682260827, 1.8161526512601118, 6.653571916293032], "vz": [2.9753580457605175, 1.9316128652244244, 6.607734409718453]}, "65": {"vx": [71.54945417046022, -27.871790735746906, -88.33032865747903], "vy": [71.97503217943523, -28.303797093375476, -89.87948284783482], "vz": [73.01941079717406, -29.405880143555912, -94.28376470069716]},